Item,Date,Quantity,Supplied,Price,Amount,Invoice
(Sub) Mt barker free range roasted shredded chicken 200g,2026-03-16,0,1,7.9,7.9,297257631-cca9949abcf74534a668d1a43127a62e.pdf
(Sub) Pauls plus protein nack chocolate 160g 160g,2026-03-16,0,2,2.45,4.9,297257631-cca9949abcf74534a668d1a43127a62e.pdf
* Armada large kitchen tidy bag lavender/lemon scented 25 pack,2026-01-09,1,1,2.5,2.5,286101966-9abf8697f5ed489086c9c0100e177c8a.pdf
* Armada medium kitchen tidy bag lavender/lemon scented 30 pack,2026-01-09,1,1,2.5,2.5,286101966-9abf8697f5ed489086c9c0100e177c8a.pdf
* Bow wow pig ears dog treats 5 pack,2026-01-09,2,2,11.0,22.0,286101966-9abf8697f5ed489086c9c0100e177c8a.pdf
* Bow wow pig ears dog treats 5 pack,2026-03-16,2,2,11.0,22.0,297257631-cca9949abcf74534a668d1a43127a62e.pdf
* Cadbury dairy milk chocolate easter bunny 100g,2026-03-16,1,1,4.75,4.75,297257631-cca9949abcf74534a668d1a43127a62e.pdf
* Cadbury milk chocolate coated almonds 280g,2025-12-18,1,1,6.0,6.0,283616484-2b9506f81203467cb09672cba4d5e082.pdf
* Coca-cola zero sugar soft drink multipack cans 375ml x 10 pack,2026-01-09,1,1,12.0,12.0,286101966-9abf8697f5ed489086c9c0100e177c8a.pdf
* Coca-cola zero sugar soft drink multipack cans 375ml x 10 pack,2026-04-16,1,1,10.5,10.5,Woolies_interview2.pdf
* Dishmatic wonder scrub sponge scourers pdm 3 pack,2026-04-16,1,1,2.1,2.1,Woolies_interview2.pdf
* Doritos corn chips cheese supreme share pack 170g,2025-12-18,1,1,2.5,2.5,283616484-2b9506f81203467cb09672cba4d5e082.pdf
* Earth choice dishwashing liquid green tea & lime 500ml,2026-03-01,1,1,2.8,2.8,294989712-dc721542da4f404aa4697a0bb6893d09.pdf
* Easter rabbit ears blue each,2026-03-16,1,1,3.5,3.5,297257631-cca9949abcf74534a668d1a43127a62e.pdf
* Eclipse peppermint sugar free mints tin 40g,2026-04-16,2,2,3.5,7.0,Woolies_interview2.pdf
* Eclipse spearmint sugar free mints tin 40g,2026-04-16,2,2,3.5,7.0,Woolies_interview2.pdf
* Eclipse strawberry sugar free mints tin 40g,2026-04-16,1,1,3.5,3.5,Woolies_interview2.pdf
* Energizer max aa alkaline batteries pdm 16 pack,2025-12-18,1,1,14.25,14.25,283616484-2b9506f81203467cb09672cba4d5e082.pdf
* Essentials ice cube tray assorted each,2025-12-18,1,1,3.5,3.5,283616484-2b9506f81203467cb09672cba4d5e082.pdf
* Finish ultimate dishwashing tablets lemon 70 pack,2026-04-23,1,1,32.0,32.0,Woolworths_Invoice.pdf
* Fropro protein pot bang bang chicken & rice 350g,2026-03-16,2,2,8.35,16.7,297257631-cca9949abcf74534a668d1a43127a62e.pdf
* Fropro protein pot bbq chicken mac & cheese 350g,2026-03-16,2,2,8.35,16.7,297257631-cca9949abcf74534a668d1a43127a62e.pdf
* Fropro protein pot cheeseburger pasta pdm 350g,2026-03-16,2,2,8.35,16.7,297257631-cca9949abcf74534a668d1a43127a62e.pdf
* Fropro protein pot cheeseburger pasta pdm 350g,2026-04-16,2,2,11.95,23.9,Woolies_interview2.pdf
* Fropro protein pot korean beef & noodles 350g,2026-03-16,2,2,8.35,16.7,297257631-cca9949abcf74534a668d1a43127a62e.pdf
* Fropro protein pot korean beef & noodles 350g,2026-04-16,2,2,11.95,23.9,Woolies_interview2.pdf
* Handee ultra double length white paper towel 2 x 120 pack,2025-12-18,1,1,5.25,5.25,283616484-2b9506f81203467cb09672cba4d5e082.pdf
* Kettle sea salt & vinegar chips chips 165g,2026-01-09,1,1,3.0,3.0,286101966-9abf8697f5ed489086c9c0100e177c8a.pdf
* Mars frozen dessert bars pdm 5 pack,2026-03-16,1,1,6.0,6.0,297257631-cca9949abcf74534a668d1a43127a62e.pdf
* Multix kitchen tidy bags 50l x-large colour scents 20 pack,2026-01-09,1,1,5.35,5.35,286101966-9abf8697f5ed489086c9c0100e177c8a.pdf
* Naturale 100% recycled 2 ply paper towel 2 x 35 pack,2026-01-09,1,1,1.75,1.75,286101966-9abf8697f5ed489086c9c0100e177c8a.pdf
* Nature's gift dog treats mini treats beef liver 130g,2025-12-18,1,1,3.0,3.0,283616484-2b9506f81203467cb09672cba4d5e082.pdf
* Nature's gift dog treats mini treats beef liver 130g,2026-01-09,1,1,3.5,3.5,286101966-9abf8697f5ed489086c9c0100e177c8a.pdf
* Nongshim onion rings hot & spicy pdm 40g,2025-12-18,1,1,1.5,1.5,283616484-2b9506f81203467cb09672cba4d5e082.pdf
* Ob finest wafer crackers cracked pepper pdm 100g,2026-03-01,1,1,3.5,3.5,294989712-dc721542da4f404aa4697a0bb6893d09.pdf
* Obela hi protein hommus to go pdm 125g,2026-03-01,2,2,4.5,9.0,294989712-dc721542da4f404aa4697a0bb6893d09.pdf
* Oral-b 3d white enamel strong whitening toothpaste 95g,2026-03-01,1,1,8.0,8.0,294989712-dc721542da4f404aa4697a0bb6893d09.pdf
* Pascall marshmallows pink & white pdm 280g,2025-12-18,1,1,2.5,2.5,283616484-2b9506f81203467cb09672cba4d5e082.pdf
* Red rock deli potato chips party bag honey soy & chicken 290g,2025-12-18,1,1,4.25,4.25,283616484-2b9506f81203467cb09672cba4d5e082.pdf
"* Sharpie permanent marker pens ultra fine, black 2 pack",2026-01-09,1,1,2.8,2.8,286101966-9abf8697f5ed489086c9c0100e177c8a.pdf
* Smith's thinly cut potato chips share pack salt & vinegar 175g,2026-03-16,1,1,3.0,3.0,297257631-cca9949abcf74534a668d1a43127a62e.pdf
* Snickers frozen dessert bars pdm 5 pack,2026-04-23,1,1,6.0,6.0,Woolworths_Invoice.pdf
* Strength meals co beef tortellini bolognese 350g,2026-04-16,2,2,8.95,17.9,Woolies_interview2.pdf
* Strength meals co classic chicken dinner with gravy 350g,2026-04-16,2,2,8.95,17.9,Woolies_interview2.pdf
* Thins chips original 175g,2025-12-18,1,1,2.5,2.5,283616484-2b9506f81203467cb09672cba4d5e082.pdf
* Thins chips salt & vinegar 175g,2025-12-18,1,1,2.5,2.5,283616484-2b9506f81203467cb09672cba4d5e082.pdf
* Vege chips barbeque pdm 100g,2025-12-18,1,1,2.45,2.45,283616484-2b9506f81203467cb09672cba4d5e082.pdf
* Vita pet duck tenders dog treats 100g,2026-01-09,1,1,6.0,6.0,286101966-9abf8697f5ed489086c9c0100e177c8a.pdf
* Vita pet jerhigh chicken tenders dog treats 100g,2026-01-09,1,1,6.0,6.0,286101966-9abf8697f5ed489086c9c0100e177c8a.pdf
* Vita pet jerhigh milk sticks dog treats 100g,2026-01-09,1,1,6.0,6.0,286101966-9abf8697f5ed489086c9c0100e177c8a.pdf
* Vita pet soft chicken tenders dog treats 100g,2026-01-09,1,1,6.0,6.0,286101966-9abf8697f5ed489086c9c0100e177c8a.pdf
* Woolworths asian salad bowl pdm 230g,2026-03-01,1,1,6.0,6.0,294989712-dc721542da4f404aa4697a0bb6893d09.pdf
* Woolworths asian salad bowl pdm 230g,2026-03-16,1,1,5.5,5.5,297257631-cca9949abcf74534a668d1a43127a62e.pdf
* Woolworths mexican style salad bowl 220g,2026-03-16,1,1,5.5,5.5,297257631-cca9949abcf74534a668d1a43127a62e.pdf
* Woolworths white choc & macadamia cookies 5 pack,2025-12-18,1,1,3.8,3.8,283616484-2b9506f81203467cb09672cba4d5e082.pdf
Birds eye deli french fries garlic herb & lemon 600g,2026-03-01,1,1,4.5,4.5,294989712-dc721542da4f404aa4697a0bb6893d09.pdf
Cadbury baking milk chocolate chips value pack 410g,2026-03-01,1,1,8.4,8.4,294989712-dc721542da4f404aa4697a0bb6893d09.pdf
Campbell's real stock chicken pdm 1l,2026-03-16,1,1,4.0,4.0,297257631-cca9949abcf74534a668d1a43127a62e.pdf
Campbell's real stock chicken salt reduced 1l,2026-03-16,1,1,4.0,4.0,297257631-cca9949abcf74534a668d1a43127a62e.pdf
Carnarvon bananas pdm 750g,2026-03-16,1,1,6.0,6.0,297257631-cca9949abcf74534a668d1a43127a62e.pdf
Chobani greek yoghurt natural light plain 907g,2026-04-16,1,1,7.9,7.9,Woolies_interview2.pdf
Continental pasta & sauce alfredo 145g,2026-04-16,2,2,3.0,6.0,Woolies_interview2.pdf
Dairyworks cheddar slices value 32 pack,2026-03-01,1,1,8.0,8.0,294989712-dc721542da4f404aa4697a0bb6893d09.pdf
Dairyworks cheddar slices value 32 pack,2026-04-23,1,1,8.0,8.0,Woolworths_Invoice.pdf
Dairyworks cheddar slices value pack 32 pack,2025-12-18,1,1,8.0,8.0,283616484-2b9506f81203467cb09672cba4d5e082.pdf
Deep cove sardines in springwater pdm 125g,2026-03-01,1,1,1.0,1.0,294989712-dc721542da4f404aa4697a0bb6893d09.pdf
Deep cove sardines in springwater pdm 125g,2026-04-16,2,2,1.0,2.0,Woolies_interview2.pdf
Dilmah extra strength tea bags 50 pack,2026-03-01,1,1,3.85,3.85,294989712-dc721542da4f404aa4697a0bb6893d09.pdf
Dole pineapple pieces in juice 432g,2026-01-09,1,1,3.9,3.9,286101966-9abf8697f5ed489086c9c0100e177c8a.pdf
Essentials french fries pdm 1kg,2026-03-16,1,1,3.8,3.8,297257631-cca9949abcf74534a668d1a43127a62e.pdf
Essentials long grain rice pdm 1kg,2025-12-18,1,1,1.8,1.8,283616484-2b9506f81203467cb09672cba4d5e082.pdf
Essentials tomato paste pdm 500g,2026-03-16,1,1,1.4,1.4,297257631-cca9949abcf74534a668d1a43127a62e.pdf
Essentials white vinegar 2l,2025-12-18,2,2,1.85,3.7,283616484-2b9506f81203467cb09672cba4d5e082.pdf
Farmers union greek style yoghurt pouch passionfruit 130g,2026-01-09,5,5,1.7,8.5,286101966-9abf8697f5ed489086c9c0100e177c8a.pdf
Frisp edamame beans pdm 200g,2026-03-01,1,1,2.0,2.0,294989712-dc721542da4f404aa4697a0bb6893d09.pdf
Frisp edamame beans pdm 200g,2026-03-16,1,1,2.0,2.0,297257631-cca9949abcf74534a668d1a43127a62e.pdf
Golden crumpets round 6 pack,2026-01-09,1,1,2.4,2.4,286101966-9abf8697f5ed489086c9c0100e177c8a.pdf
Golden crumpets round 6 pack,2026-04-16,1,1,2.4,2.4,Woolies_interview2.pdf
Harvey fresh lactose free hilo milk pdm 2l,2026-03-01,2,2,6.2,12.4,294989712-dc721542da4f404aa4697a0bb6893d09.pdf
Harvey fresh lactose free hilo milk pdm 2l,2026-03-16,1,1,6.2,6.2,297257631-cca9949abcf74534a668d1a43127a62e.pdf
Harvey fresh lactose free hilo milk pdm 2l,2026-04-16,1,1,6.2,6.2,Woolies_interview2.pdf
Harvey fresh lactose free hilo milk pdm 2l,2026-04-23,2,2,6.2,12.4,Woolworths_Invoice.pdf
Ingham's tempura style nuggets pdm 1kg,2026-03-16,1,1,11.0,11.0,297257631-cca9949abcf74534a668d1a43127a62e.pdf
Jalna pot set fat free yoghurt 1kg,2026-03-01,1,1,7.0,7.0,294989712-dc721542da4f404aa4697a0bb6893d09.pdf
John west tuna chunks in springwater pdm 95g,2026-03-01,1,1,1.45,1.45,294989712-dc721542da4f404aa4697a0bb6893d09.pdf
John west tuna chunks in springwater pdm 95g,2026-04-16,1,1,1.45,1.45,Woolies_interview2.pdf
La gina italian tomato paste passata 680g,2026-03-16,1,1,1.95,1.95,297257631-cca9949abcf74534a668d1a43127a62e.pdf
Liddells lactose free low fat long life milk uht 1l,2025-12-18,1,1,3.0,3.0,283616484-2b9506f81203467cb09672cba4d5e082.pdf
Liddells lactose free low fat long life milk uht 1l,2026-01-09,1,1,2.5,2.5,286101966-9abf8697f5ed489086c9c0100e177c8a.pdf
Macro organic coconut cream 400ml,2026-01-09,1,1,2.1,2.1,286101966-9abf8697f5ed489086c9c0100e177c8a.pdf
Macro organic coconut milk pdm 400ml,2026-01-09,1,1,2.1,2.1,286101966-9abf8697f5ed489086c9c0100e177c8a.pdf
Macro organic spaghetti pasta 500g,2026-03-16,1,1,1.95,1.95,297257631-cca9949abcf74534a668d1a43127a62e.pdf
Masterfoods mild american mustard pdm 250g,2026-04-23,1,1,3.5,3.5,Woolworths_Invoice.pdf
Mission carb balance original wraps pdm 6 pack,2026-04-16,2,2,6.5,13.0,Woolies_interview2.pdf
Mission carb balance original wraps pdm 6 pack,2026-04-23,2,2,6.5,13.0,Woolworths_Invoice.pdf
Mission low gi wraps wholemeal 6 pack,2026-01-09,1,1,5.5,5.5,286101966-9abf8697f5ed489086c9c0100e177c8a.pdf
Mission low gi wraps wholemeal 6 pack,2026-03-01,1,1,5.5,5.5,294989712-dc721542da4f404aa4697a0bb6893d09.pdf
Mission low gi wraps wholemeal 6 pack,2026-03-16,1,1,4.5,4.5,297257631-cca9949abcf74534a668d1a43127a62e.pdf
Moccona freeze dried instant coffee classic dark roast 200g,2026-01-09,1,1,23.6,23.6,286101966-9abf8697f5ed489086c9c0100e177c8a.pdf
Mondeli australian made leg ham pdm 100g,2025-12-18,1,1,6.0,6.0,283616484-2b9506f81203467cb09672cba4d5e082.pdf
Mondeli premium australian prosciutto pdm 80g,2025-12-18,1,1,6.0,6.0,283616484-2b9506f81203467cb09672cba4d5e082.pdf
Mt barker free range roasted carved chicken breast 220g,2025-12-18,2,2,8.5,17.0,283616484-2b9506f81203467cb09672cba4d5e082.pdf
Mt barker free range roasted carved chicken breast 220g,2026-01-09,2,2,7.5,15.0,286101966-9abf8697f5ed489086c9c0100e177c8a.pdf
Mt barker free range roasted carved chicken breast 220g,2026-03-01,4,4,8.9,35.6,294989712-dc721542da4f404aa4697a0bb6893d09.pdf
Mt barker free range roasted carved chicken breast 220g,2026-03-16,2,2,7.9,15.8,297257631-cca9949abcf74534a668d1a43127a62e.pdf
Mt barker free range roasted carved chicken breast 220g,2026-04-16,2,2,7.0,14.0,Woolies_interview2.pdf
Mt barker free range roasted carved chicken breast 220g,2026-04-23,2,2,8.9,17.8,Woolworths_Invoice.pdf
Mt barker lemon & herb greek style sliced chicken 220g,2026-03-01,2,2,8.9,17.8,294989712-dc721542da4f404aa4697a0bb6893d09.pdf
Mt barker lemon & herb greek style sliced chicken 220g,2026-03-16,2,1,7.9,7.9,297257631-cca9949abcf74534a668d1a43127a62e.pdf
Mt barker lemon & herb greek style sliced chicken 220g,2026-04-16,2,2,7.0,14.0,Woolies_interview2.pdf
Mt barker lemon & herb greek style sliced chicken 220g,2026-04-23,2,2,8.9,17.8,Woolworths_Invoice.pdf
Nando's perinaise mild peri-peri mayonnaise sauce 465g,2026-04-23,1,1,7.5,7.5,Woolworths_Invoice.pdf
Nestle carnation light & creamy evaporated milk 340ml,2026-04-16,1,1,3.0,3.0,Woolies_interview2.pdf
Pandaroo coconut milk 400ml,2026-01-09,1,1,2.25,2.25,286101966-9abf8697f5ed489086c9c0100e177c8a.pdf
Pauls plus protein chocolate yoghurt pdm 160g,2026-03-01,4,4,3.1,12.4,294989712-dc721542da4f404aa4697a0bb6893d09.pdf
Pauls plus protein dairy snack vanilla 160g,2026-03-16,2,0,2.45,0.0,297257631-cca9949abcf74534a668d1a43127a62e.pdf
Pauls plus protein dairy snack vanilla 160g,2026-04-16,2,2,2.45,4.9,Woolies_interview2.pdf
Red capsicum pdm each,2026-04-16,1,1,3.23,3.23,Woolies_interview2.pdf
Riverina fresh lactose free full cream milk 2l,2026-01-09,1,1,5.95,5.95,286101966-9abf8697f5ed489086c9c0100e177c8a.pdf
Select smooth peanut butter 500g,2026-04-16,1,1,3.4,3.4,Woolies_interview2.pdf
Tassal smoked salmon pdm 150g,2026-03-01,1,1,11.0,11.0,294989712-dc721542da4f404aa4697a0bb6893d09.pdf
The australian vinegar co. balsamic vinegar pdm 250ml,2026-03-16,1,1,3.5,3.5,297257631-cca9949abcf74534a668d1a43127a62e.pdf
Thomas dux camembert cheese 125g,2025-12-18,4,4,2.7,10.8,283616484-2b9506f81203467cb09672cba4d5e082.pdf
Thomas dux camembert cheese 125g,2026-01-09,3,3,2.7,8.1,286101966-9abf8697f5ed489086c9c0100e177c8a.pdf
Thomas dux camembert cheese 125g,2026-03-01,2,2,2.7,5.4,294989712-dc721542da4f404aa4697a0bb6893d09.pdf
Thomas dux camembert cheese 125g,2026-03-16,2,2,2.7,5.4,297257631-cca9949abcf74534a668d1a43127a62e.pdf
Thomas dux camembert cheese 125g,2026-04-23,2,2,2.7,5.4,Woolworths_Invoice.pdf
Vetta smart protein spirals pasta pdm 375g,2026-04-16,1,1,3.0,3.0,Woolies_interview2.pdf
Wicked sister high protein banana pudding pdm 170g,2026-03-01,4,4,2.6,10.4,294989712-dc721542da4f404aa4697a0bb6893d09.pdf
Woolworths arborio risotto rice pdm 1kg,2026-04-23,1,1,4.0,4.0,Woolworths_Invoice.pdf
Woolworths baby leaf spinach 120g,2026-03-01,1,1,2.7,2.7,294989712-dc721542da4f404aa4697a0bb6893d09.pdf
Woolworths baby leaf spinach 120g,2026-03-16,1,1,2.7,2.7,297257631-cca9949abcf74534a668d1a43127a62e.pdf
Woolworths baby leaf spinach 120g,2026-04-16,1,1,2.7,2.7,Woolies_interview2.pdf
Woolworths bricks home collectable pdm each,2026-03-01,19,19,0.0,0.0,294989712-dc721542da4f404aa4697a0bb6893d09.pdf
Woolworths broccolini bunch pdm each,2026-03-16,1,1,2.5,2.5,297257631-cca9949abcf74534a668d1a43127a62e.pdf
Woolworths carrots peas & corn 1kg,2026-03-16,1,1,5.0,5.0,297257631-cca9949abcf74534a668d1a43127a62e.pdf
Woolworths chili lime salad kit pdm 350g,2026-04-16,1,1,5.0,5.0,Woolies_interview2.pdf
Woolworths gold duck fat potatoes with truffle butter 500g,2025-12-18,1,1,7.0,7.0,283616484-2b9506f81203467cb09672cba4d5e082.pdf
Woolworths gourmet leaf mix pdm 120g,2026-03-01,1,1,2.7,2.7,294989712-dc721542da4f404aa4697a0bb6893d09.pdf
Woolworths hamburger buns pdm 6 pack,2026-04-23,1,0,2.75,0.0,Woolworths_Invoice.pdf
Woolworths honey mustard salad kit pdm 285g,2026-04-16,1,1,5.0,5.0,Woolies_interview2.pdf
Woolworths iceberg shredded lettuce pdm 200g,2026-04-16,1,1,2.0,2.0,Woolies_interview2.pdf
Woolworths light thickened cream 300ml,2025-12-18,1,1,3.4,3.4,283616484-2b9506f81203467cb09672cba4d5e082.pdf
Woolworths light thickened cream 300ml,2026-01-09,1,1,3.4,3.4,286101966-9abf8697f5ed489086c9c0100e177c8a.pdf
Woolworths light thickened cream 300ml,2026-03-16,1,1,3.4,3.4,297257631-cca9949abcf74534a668d1a43127a62e.pdf
Woolworths light thickened cream 300ml,2026-04-16,1,1,3.4,3.4,Woolies_interview2.pdf
Woolworths lower carb potatoes pdm 1.5kg,2026-03-16,1,1,5.5,5.5,297257631-cca9949abcf74534a668d1a43127a62e.pdf
Woolworths microwave jasmine rice 250g,2026-01-09,1,1,1.8,1.8,286101966-9abf8697f5ed489086c9c0100e177c8a.pdf
Woolworths mushroom sliced pdm 500g,2025-12-18,1,1,7.0,7.0,283616484-2b9506f81203467cb09672cba4d5e082.pdf
Woolworths mushroom sliced pdm 500g,2026-03-16,1,1,5.0,5.0,297257631-cca9949abcf74534a668d1a43127a62e.pdf
Woolworths mushroom sliced pdm 500g,2026-04-16,1,1,7.0,7.0,Woolies_interview2.pdf
Woolworths natural greek style yoghurt 1kg,2025-12-18,1,1,3.8,3.8,283616484-2b9506f81203467cb09672cba4d5e082.pdf
Woolworths pasta macaroni 500g,2026-04-23,1,1,1.0,1.0,Woolworths_Invoice.pdf
Woolworths pork & beef mince 500g,2026-03-16,1,1,7.0,7.0,297257631-cca9949abcf74534a668d1a43127a62e.pdf
Woolworths potato minis 1kg,2026-04-16,1,1,5.0,5.0,Woolies_interview2.pdf
Woolworths spreadable light cream cheese pdm 250g,2026-03-16,1,1,2.6,2.6,297257631-cca9949abcf74534a668d1a43127a62e.pdf
Woolworths spring water bottles 600ml x 12 pack,2026-01-09,1,1,5.35,5.35,286101966-9abf8697f5ed489086c9c0100e177c8a.pdf
Woolworths sweetened condensed milk pdm 397g,2026-03-16,1,1,2.2,2.2,297257631-cca9949abcf74534a668d1a43127a62e.pdf
Woolworths tasty cheese shredded 250g,2026-04-23,1,1,5.0,5.0,Woolworths_Invoice.pdf
Yopro perform high protein yoghurt mango passionfruit 175g,2026-03-01,1,1,3.0,3.0,294989712-dc721542da4f404aa4697a0bb6893d09.pdf
Yopro perform high protein yoghurt mixed berry 175g,2026-03-01,1,1,3.0,3.0,294989712-dc721542da4f404aa4697a0bb6893d09.pdf
Yopro perform high protein yoghurt strawberry 175g,2026-03-01,1,1,3.0,3.0,294989712-dc721542da4f404aa4697a0bb6893d09.pdf
onion shallot french pdm each,2025-12-18,1,1,0.65,0.65,283616484-2b9506f81203467cb09672cba4d5e082.pdf
onion shallot french pdm each,2026-04-16,1,1,0.6,0.6,Woolies_interview2.pdf
onion shallot french pdm each,2026-04-23,1,1,0.6,0.6,Woolworths_Invoice.pdf
parmesan crumbed potatoes with garlic butter 500g,2026-01-09,1,1,5.5,5.5,286101966-9abf8697f5ed489086c9c0100e177c8a.pdf
